{
    "$schema": "https://schema.management.azure.com/schemas/2019-04-01/deploymentTemplate.json#",
    "contentVersion": "1.0.0.0",
    "parameters": {
        "location": {
            "type": "string",
            "defaultValue": "[resourceGroup().location]",
            "metadata": {
                "description": "Deployment location West Europa"
            }
        },
        "vmName": {
            "type": "string",
            "defaultValue": "vMX01",
            "metadata": {
                "title": "VM Name",
                "description": "Maraki appliance vMX"
            }
        },
        "merakiAuthToken": {
            "type": "string",
            "metadata": {
                "description": "This is your authentication string generated by Meraki Dashboard"
            }
        },
        "zone": {
            "type": "string",
            "defaultValue": "0",
            "allowedValues": [
                "0",
                "1",
                "2",
                "3"
            ],
            "metadata": {
                "description": "Availability zone number for the vMX"
            }
        },
        "virtualNetworkName": {
            "type": "string",
            "metadata": {
                "description": "New or Existing VNet Name"
            }
        },
        "virtualNetworkNewOrExisting": {
            "type": "string",
            "metadata": {
                "description": "Boolean indicating whether the VNet is new or existing"
            }
        },
        "virtualNetworkAddressPrefix": {
            "type": "string",
            "metadata": {
                "description": "VNet address prefix"
            }
        },
        "virtualNetworkResourceGroup": {
            "type": "string",
            "defaultValue": "[resourceGroup().location]",
            "metadata": {
                "description": "Resource group of the VNet"
            }
        },
        "virtualMachineSize": {
            "type": "string",
            "defaultValue": "Standard_F4s_v2",
            "allowedValues": [
                "Standard_F4s_v2",
                "Standard_D2_v2",
                "Standard_D2_v3"
            ],
            "metadata": {
                "description": "The size of the VM"
            }
        },
        "subnetName": {
            "type": "string",
            "metadata": {
                "description": "New or Existing subnet Name"
            }
        },
        "subnetAddressPrefix": {
            "type": "string",
            "metadata": {
                "description": "Subnet address prefix"
            }
        },
        "applicationResourceName": {
            "type": "string",
            "defaultValue": "afa46c364ad942ca86815adf61e82c5a"
        },
        "managedResourceGroupId": {
            "type": "string",
            "defaultValue": ""
        },
        "managedIdentity": {
            "type": "object",
            "defaultValue": {}
        }
    },
    "variables": {
        "managedResourceGroupId": "[if(empty(parameters('managedResourceGroupId')),concat(subscription().id,'/resourceGroups/',take(concat(resourceGroup().name,'-',uniquestring(resourceGroup().id),uniquestring(parameters('applicationResourceName'))),90)),parameters('managedResourceGroupId'))]"
    },
    "resources": [
        {
            "type": "Microsoft.Solutions/applications",
            "apiVersion": "2017-09-01",
            "location": "[resourceGroup().Location]",
            "kind": "MarketPlace",
            "name": "[parameters('applicationResourceName')]",
            "plan": {
                "name": "cisco-meraki-vmx",
                "product": "cisco-meraki-vmx",
                "publisher": "cisco",
                "version": "15.37.4"
            },
            "identity": "[if(empty(parameters('managedIdentity')),json('null'),parameters('managedIdentity'))]",
            "properties": {
                "managedResourceGroupId": "[variables('managedResourceGroupId')]",
                "parameters": {
                    "location": {
                        "value": "[parameters('location')]"
                    },
                    "vmName": {
                        "value": "[parameters('vmName')]"
                    },
                    "merakiAuthToken": {
                        "value": "[parameters('merakiAuthToken')]"
                    },
                    "zone": {
                        "value": "[parameters('zone')]"
                    },
                    "virtualNetworkName": {
                        "value": "[parameters('virtualNetworkName')]"
                    },
                    "virtualNetworkNewOrExisting": {
                        "value": "[parameters('virtualNetworkNewOrExisting')]"
                    },
                    "virtualNetworkAddressPrefix": {
                        "value": "[parameters('virtualNetworkAddressPrefix')]"
                    },
                    "virtualNetworkResourceGroup": {
                        "value": "[parameters('virtualNetworkResourceGroup')]"
                    },
                    "virtualMachineSize": {
                        "value": "[parameters('virtualMachineSize')]"
                    },
                    "subnetName": {
                        "value": "[parameters('subnetName')]"
                    },
                    "subnetAddressPrefix": {
                        "value": "[parameters('subnetAddressPrefix')]"
                    }
                },
                "jitAccessPolicy": null
            }
        }
    ]
}